id,country,age,gender,phone_number,email,introduction,username,password
1,Turks and Caicos Islands,49,Female,+1-745-849-1007x0835,jamiechang@yahoo.com,Sarah is a home chef who loves sharing reviews on gaming gear.,ksanchez,&)WvRKVZd7
2,New Zealand,36,Male,203-927-5232x673,jesuswilliams@gmail.com,Eric is a avid traveler who loves sharing reviews on gadgets.,annahuynh,Zb1OwMgO#@
3,Netherlands,50,Male,001-453-160-1133x51931,leesophia@hotmail.com,Lisa is a fitness guru who loves sharing reviews on home appliances.,pooletrevor,$wLAZmMpv0
4,Iran,22,Non-binary,(241)149-5152,freemanmatthew@chambers.org,Cameron is a tech enthusiast who loves sharing reviews on gadgets.,lopezryan,*o26Toi%_p
5,American Samoa,57,Male,+1-148-432-6100x193,deleonderek@calhoun.com,Terri is a avid traveler who loves sharing reviews on outdoor equipment.,alvaradotimothy,*zRFjTm0&3
6,Iraq,19,Female,131-755-6872,stephanieayers@nguyen.com,Kathleen is a fitness guru who loves sharing reviews on gaming gear.,fgonzalez,+6Nk)uUt@!
7,Libyan Arab Jamahiriya,28,Female,868.457.3575,gkim@hotmail.com,Daniel is a tech enthusiast who loves sharing reviews on gaming gear.,diane19,f0udvUhe_1
8,France,56,Male,+1-964-378-8988x49101,tracyrobinson@hotmail.com,Dustin is a fitness guru who loves sharing reviews on gadgets.,gregory78,bO9o19Tm_+
9,Mozambique,22,Male,(967)298-7879x8346,iquinn@duncan.com,Andrew is a fitness guru who loves sharing reviews on outdoor equipment.,ithomas,7x9z11Cb^_
10,Cambodia,32,Non-binary,+1-491-661-2190x8910,charlesmurray@yahoo.com,Steven is a avid traveler who loves sharing reviews on home appliances.,triciajohnson,!z_6Foll9v
11,Anguilla,31,Female,001-311-985-0028x58237,sheila95@white.biz,Gabriel is a home chef who loves sharing reviews on outdoor equipment.,ostewart,f8iEcTz7&v
12,Seychelles,47,Male,+1-542-340-2509x233,christophermiller@gay.info,Frank is a home chef who loves sharing reviews on home appliances.,annetteaguilar,+tGri6Nm#L
13,Solomon Islands,25,Female,001-874-675-8973x317,jeffreyjones@yahoo.com,Victoria is a tech enthusiast who loves sharing reviews on outdoor equipment.,hartadam,*A3*NgMpn^
14,Reunion,21,Non-binary,993.065.2621x253,wtaylor@rojas.com,Luis is a fitness guru who loves sharing reviews on gadgets.,hahnrobert,T^c4QtJy(_
15,Equatorial Guinea,48,Male,(642)897-2128,scottbrennan@yahoo.com,John is a home chef who loves sharing reviews on gaming gear.,merrittdavid,+5BI#5fV@w
16,Mongolia,45,Male,001-378-839-4383,kathrynhill@frazier.com,Jessica is a tech enthusiast who loves sharing reviews on home appliances.,alyssa41,2$3jTJKnOz
17,Mozambique,37,Female,(671)770-8061x6115,bakerrhonda@gmail.com,Wendy is a tech enthusiast who loves sharing reviews on gaming gear.,brian03,b+3eAFxIep
18,Bermuda,38,Female,895-698-7321x12726,cbird@hotmail.com,Robert is a avid traveler who loves sharing reviews on home appliances.,victor75,&W9VjjSWk1
19,Pitcairn Islands,18,Female,201-286-8901x458,jacksonjoseph@hotmail.com,Jessica is a fitness guru who loves sharing reviews on gaming gear.,kwelch,+UIuZV0e@4
20,Tuvalu,25,Non-binary,001-968-099-1782x09576,steven64@fox.com,Joanna is a avid traveler who loves sharing reviews on gaming gear.,richardruiz,(3E#XnSkD)
21,Brunei Darussalam,45,Female,+1-064-725-8286x437,jwilliams@hotmail.com,Laurie is a fitness guru who loves sharing reviews on outdoor equipment.,mcconnellmatthew,3os9JicY$W
22,United States Virgin Islands,68,Non-binary,884-429-9512,neiladkins@walker-morris.com,Heidi is a fitness guru who loves sharing reviews on gaming gear.,timothymoore,rn+1OWUqup
23,Croatia,66,Non-binary,079-439-0293x097,jennifer19@peters.com,Kimberly is a avid traveler who loves sharing reviews on outdoor equipment.,chelsea28,*76Jc)%lE)
24,Isle of Man,21,Female,208-599-0208,eric75@chen-welch.com,Dana is a home chef who loves sharing reviews on home appliances.,englishlauren,!9w5UFKm+R
25,Saint Martin,44,Non-binary,215-331-5077x872,selena90@hotmail.com,Emily is a tech enthusiast who loves sharing reviews on home appliances.,suzanne05,%M+1CIHuYX
26,Algeria,70,Non-binary,+1-334-764-8949x7314,jjenkins@yahoo.com,Tony is a fitness guru who loves sharing reviews on gaming gear.,rodgersthomas,Y^%3VQMz)o
27,Russian Federation,18,Female,001-850-996-6367,carlosmarshall@hotmail.com,Jerome is a home chef who loves sharing reviews on gadgets.,katherine46,@6CFPvepd2
28,Trinidad and Tobago,21,Non-binary,+1-420-018-4716x5596,ehernandez@yahoo.com,Tracy is a home chef who loves sharing reviews on home appliances.,mcculloughluis,^SHzytcDy8
29,Nigeria,63,Male,113.882.3590x269,zmalone@hotmail.com,James is a home chef who loves sharing reviews on gadgets.,tamaramontgomery,_0vZ5Id3Di
30,Ukraine,40,Non-binary,(343)453-7055x2120,traciejones@crawford.com,Patricia is a avid traveler who loves sharing reviews on gaming gear.,leekelly,p$!5Ow2eD+
31,Palau,58,Non-binary,(992)418-6246x353,christophersmith@barron.com,Ashley is a fitness guru who loves sharing reviews on home appliances.,erinmiles,z8FzAFTE!w
32,Tanzania,43,Non-binary,699-217-7318,lbradshaw@mcdonald-benitez.info,Jason is a avid traveler who loves sharing reviews on gadgets.,michaeldavis,&YsFqPa(_3
33,Palestinian Territory,46,Non-binary,050-168-6318,jamesfuller@hurst.org,Linda is a avid traveler who loves sharing reviews on gadgets.,cunninghamcheryl,&8VAE3eBxs
34,Zambia,29,Female,(107)750-9413x031,qbarrera@yahoo.com,Todd is a fitness guru who loves sharing reviews on home appliances.,scottbenton,!7+JS21s_4
35,United Arab Emirates,27,Non-binary,001-700-926-4108x44271,russellperez@johnson.info,Andrea is a tech enthusiast who loves sharing reviews on outdoor equipment.,erica45,4!s8NK@k+B
36,Saint Lucia,62,Female,029-679-6190,westsabrina@gmail.com,Kevin is a home chef who loves sharing reviews on gaming gear.,mtanner,#4)K01+*cG
37,Eritrea,67,Female,276-441-8545x6272,delgadobrittany@rogers.com,Olivia is a fitness guru who loves sharing reviews on home appliances.,amymoore,(@^2Dot%3Y
38,Croatia,51,Female,402.259.6658,christopher62@yahoo.com,Christina is a tech enthusiast who loves sharing reviews on outdoor equipment.,douglaswest,(J30G&vpft
39,Mexico,20,Non-binary,+1-574-117-7997,aarondunn@camacho-young.com,David is a home chef who loves sharing reviews on home appliances.,matthewoliver,@%VX$Oj&z4
40,Sierra Leone,51,Male,354.914.6584x111,zstokes@burns.biz,Caitlin is a home chef who loves sharing reviews on gadgets.,underwoodclaudia,)P0CFYgtpD
41,Saint Lucia,69,Male,+1-714-945-5882x24976,ebishop@pierce.biz,Nicholas is a fitness guru who loves sharing reviews on outdoor equipment.,bgreen,MUm+3bCjJ@
42,Saint Martin,38,Male,(987)270-9390x64907,sydneythomas@sanchez.com,Lisa is a tech enthusiast who loves sharing reviews on outdoor equipment.,gstevenson,g8IkqA%u!m
43,Swaziland,41,Non-binary,+1-024-118-4025x63483,bgray@thompson.info,Tracy is a tech enthusiast who loves sharing reviews on gaming gear.,arthurclark,fK!#(0ZgVj
44,Cape Verde,62,Female,001-048-697-8651x0866,stewartelizabeth@hotmail.com,Makayla is a home chef who loves sharing reviews on home appliances.,rachellee,_o^iAPyRc7
45,Albania,37,Non-binary,(341)695-3426,stephanie76@hotmail.com,Brittany is a tech enthusiast who loves sharing reviews on gadgets.,shellybradford,+2ED5uyd*q
46,British Indian Ocean Territory (Chagos Archipelago),32,Non-binary,2569214721,jennifer35@gmail.com,Julian is a fitness guru who loves sharing reviews on gaming gear.,ashley54,M8xzD9hu(M
47,Honduras,52,Male,+1-774-101-9420x1119,pbridges@hotmail.com,Ricardo is a fitness guru who loves sharing reviews on gaming gear.,brettponce,0_d9PQUL)k
48,Costa Rica,55,Non-binary,542.525.5843,qchaney@yahoo.com,Michael is a home chef who loves sharing reviews on gadgets.,david26,@hP#1cYa!)
49,Guatemala,30,Non-binary,193.042.8636x69484,fwatson@yahoo.com,Robin is a home chef who loves sharing reviews on gadgets.,ivanrodgers,P@7)ZS3iWv
50,Guatemala,22,Male,(191)515-6665x219,johnadams@roberts.com,Lindsey is a home chef who loves sharing reviews on gaming gear.,grantjennifer,8n0FJPsx!(
51,American Samoa,48,Male,853.196.4965x33581,lisaporter@parker-johnson.com,John is a fitness guru who loves sharing reviews on gadgets.,steven22,m8v2Rhoy!x
52,Dominican Republic,55,Non-binary,301.186.6233x01341,ccabrera@yahoo.com,Michael is a fitness guru who loves sharing reviews on outdoor equipment.,kelly83,)00G&Nd7@2
53,Bahrain,36,Female,+1-652-853-3925x0258,kimberly65@gmail.com,Kathryn is a home chef who loves sharing reviews on gaming gear.,jburgess,!3^Tywq86f
54,Dominican Republic,21,Female,4195848719,mary26@hotmail.com,Vincent is a fitness guru who loves sharing reviews on home appliances.,cindymiller,!K@S2JpY3(
55,Bouvet Island (Bouvetoya),42,Female,+1-276-547-9400x627,singletonbryan@hotmail.com,Marilyn is a fitness guru who loves sharing reviews on gaming gear.,robertgray,GCr2cYdh%*
56,Pakistan,38,Non-binary,800.023.6049,sierra20@gmail.com,Paul is a home chef who loves sharing reviews on gadgets.,hburns,pViq6UJiY)
57,Senegal,55,Male,001-918-952-7305x1192,denisephillips@mccarty.net,Derrick is a tech enthusiast who loves sharing reviews on home appliances.,wbell,R$CJ1Bsjsn
58,France,24,Female,876-166-1550,barnettanthony@yahoo.com,Andrew is a fitness guru who loves sharing reviews on home appliances.,ucurry,$!8a8eQxnK
59,Israel,66,Male,(698)656-2567x2150,rdavies@hotmail.com,Linda is a tech enthusiast who loves sharing reviews on home appliances.,andersentracy,#A5ZgmyhWe
60,Montserrat,69,Non-binary,0339344108,michaeldelgado@yahoo.com,Stacy is a fitness guru who loves sharing reviews on gadgets.,nicholasjennings,&8PlTNXfyr
61,Saint Lucia,31,Non-binary,881-022-4594x70772,xmurphy@snyder.com,Christopher is a tech enthusiast who loves sharing reviews on outdoor equipment.,lbenson,oF01VMe1_s
62,Western Sahara,41,Female,001-476-302-3088x79562,bryan70@hotmail.com,Robert is a fitness guru who loves sharing reviews on home appliances.,danaglenn,4n_lsqFs^r
63,Guyana,43,Male,001-945-573-6691,nicholasobrien@jensen.info,Nichole is a tech enthusiast who loves sharing reviews on outdoor equipment.,davidlamb,OV66PbLkm)
64,Madagascar,44,Non-binary,+1-074-226-1606x664,barbararowe@buchanan.biz,Lisa is a fitness guru who loves sharing reviews on gadgets.,andersonjacob,VL8Qj4x@6)
65,Czech Republic,51,Male,001-065-513-1590x62196,christinemurillo@hotmail.com,Oscar is a tech enthusiast who loves sharing reviews on home appliances.,pwilliams,@0UQHvrzUo
66,Guam,43,Male,001-248-460-6965x26344,javila@yahoo.com,Jimmy is a fitness guru who loves sharing reviews on gaming gear.,chadberger,CAe8HtneS)
67,Guatemala,28,Male,+1-264-574-2950x50855,ewilliams@smith-douglas.com,Tyler is a fitness guru who loves sharing reviews on gaming gear.,jorge97,^!y0$Ryz&s
68,Croatia,55,Female,893-966-9573,zhernandez@gmail.com,Donald is a tech enthusiast who loves sharing reviews on gadgets.,taylorpineda,c%0KuT#WOm
69,Guernsey,59,Non-binary,416-242-5173x7789,mortonrobert@hotmail.com,Lisa is a avid traveler who loves sharing reviews on gadgets.,bfranklin,%9N1P4_qq1
70,Cameroon,46,Male,001-009-755-3747x107,johnssavannah@gonzalez.com,Aaron is a avid traveler who loves sharing reviews on gaming gear.,kaitlyngrimes,Rn4oQtBHQ*
71,Comoros,22,Non-binary,657-985-1128,donnalewis@hotmail.com,Lori is a fitness guru who loves sharing reviews on home appliances.,zburke,FeESPZxr^0
72,Serbia,30,Non-binary,750-799-3339x99207,shawn30@hotmail.com,Paul is a fitness guru who loves sharing reviews on gadgets.,ssolis,eqO1Y*yh&1
73,Pitcairn Islands,20,Female,001-010-414-8737x0892,patriciadelgado@yahoo.com,Pamela is a fitness guru who loves sharing reviews on gadgets.,sydney64,(b54Z1EqAD
74,Nepal,36,Female,195-782-1932x1338,kimberly08@frank.com,Paul is a avid traveler who loves sharing reviews on gadgets.,christineblack,v02OCm_E$2
75,Cayman Islands,63,Male,602.216.0902x42799,jennifermahoney@gmail.com,Misty is a fitness guru who loves sharing reviews on outdoor equipment.,ismith,f!$!7RF6(7
76,Seychelles,42,Male,(104)338-7933,rowens@yahoo.com,Michael is a home chef who loves sharing reviews on gaming gear.,bryantcatherine,lcX5DHXHL@
77,Congo,63,Male,+1-435-109-1445x6735,david86@yahoo.com,Marc is a avid traveler who loves sharing reviews on outdoor equipment.,johnoconnor,@8Svyf8bkd
78,Egypt,30,Non-binary,001-430-831-8855x06333,lynchdouglas@gmail.com,Jonathan is a avid traveler who loves sharing reviews on gaming gear.,eric90,c&7NqFvE(2
79,Equatorial Guinea,46,Male,001-261-505-5929x288,lcummings@ross.biz,Benjamin is a avid traveler who loves sharing reviews on outdoor equipment.,eriksmith,7@5&OWhoP!
80,Colombia,24,Non-binary,001-804-780-2373x77752,yujennifer@deleon.biz,Deborah is a tech enthusiast who loves sharing reviews on gaming gear.,gutierrezbrenda,+w9oZs2@y$
81,Colombia,58,Female,(693)973-1979x794,kathryn83@hotmail.com,Brittney is a fitness guru who loves sharing reviews on home appliances.,xbowen,)iDfjFlkP1
82,Denmark,44,Male,001-713-404-1822,kowens@parks-glass.org,Maureen is a home chef who loves sharing reviews on gaming gear.,kathleenmckee,#Dl22I%p8#
83,China,22,Non-binary,001-935-920-1609x92667,kevin86@morales-forbes.com,Alyssa is a tech enthusiast who loves sharing reviews on gadgets.,christopherbrown,LTvpUnJ&!4
84,Madagascar,51,Non-binary,001-233-186-2806x130,victor12@brown.com,Paul is a fitness guru who loves sharing reviews on gadgets.,hayesjacob,PU*FheOl!8
85,Indonesia,60,Non-binary,+1-257-195-4045x1835,jacqueline25@hotmail.com,Kenneth is a avid traveler who loves sharing reviews on gaming gear.,riceelizabeth,W*zySzOG+2
86,Zambia,62,Female,001-086-957-6002x9924,kimchristian@woods-flores.com,Yvonne is a fitness guru who loves sharing reviews on gadgets.,cannonpatricia,wz&YY5Xpuz
87,American Samoa,27,Male,133.268.6369x664,griffinrobert@yahoo.com,Margaret is a home chef who loves sharing reviews on gadgets.,gcampbell,+2wx0Kax&V
88,Eritrea,56,Female,+1-407-358-8395,mirandabird@walker-kim.com,Elizabeth is a avid traveler who loves sharing reviews on home appliances.,ericthompson,8I7bA+my_O
89,Russian Federation,56,Non-binary,8210139853,sherry88@nelson.com,Kaitlyn is a tech enthusiast who loves sharing reviews on gadgets.,tgibbs,(47%%Qnh2W
90,Egypt,53,Non-binary,(643)675-7452,justin02@gmail.com,Alexis is a fitness guru who loves sharing reviews on gaming gear.,royhuerta,*5rLrLIdQ0
91,Uganda,44,Female,119.286.5922x425,gonzalezbrent@lozano.biz,Wyatt is a home chef who loves sharing reviews on gaming gear.,jason45,2(uhTqbz_q
92,Seychelles,58,Non-binary,417.249.7997x907,smithchristie@hotmail.com,Bernard is a avid traveler who loves sharing reviews on gadgets.,sanchezmike,0mGGIoGk&4
93,Dominican Republic,24,Non-binary,8714298545,gabrielaustin@gmail.com,Loretta is a home chef who loves sharing reviews on home appliances.,joejohnson,NzY12MLDc_
94,Falkland Islands (Malvinas),38,Male,(121)212-4250,fblanchard@hotmail.com,Allison is a tech enthusiast who loves sharing reviews on gadgets.,sloanpeggy,n)7pmzvnQU
95,Fiji,43,Male,(586)145-7933x762,ugrimes@gmail.com,Danielle is a home chef who loves sharing reviews on gaming gear.,nataliehodge,!2DqbzPgJl
96,Slovakia (Slovak Republic),35,Female,001-785-920-5370x556,michaelreeves@goodwin.com,Robert is a tech enthusiast who loves sharing reviews on gadgets.,qcrawford,W9NIFG$I%u
97,Croatia,54,Male,+1-549-057-5092,david25@parker.com,Jessica is a tech enthusiast who loves sharing reviews on gadgets.,evilla,+Z1KtXrUV!
98,Saint Vincent and the Grenadines,43,Female,419-614-2009x078,ncarter@gmail.com,Jason is a fitness guru who loves sharing reviews on gaming gear.,mary59,10VObu(@)L
99,Guam,28,Non-binary,234.130.3295x120,mleonard@turner-maxwell.biz,Cathy is a tech enthusiast who loves sharing reviews on gaming gear.,michellelopez,1!sE1Vr2%U
100,Netherlands Antilles,66,Female,(090)413-9633,castillojennifer@hotmail.com,Edward is a tech enthusiast who loves sharing reviews on home appliances.,williamsmatthew,k^*8Gw8alh
